{
    "utterances": [
        {
            "text": "I can't pay right now",
            "entities": [],
            "traits": [],
            "intent": "unable_to_pay"
        },
        {
            "text": "I don't have money",
            "entities": [],
            "traits": [],
            "intent": "unable_to_pay"
        },
        {
            "text": "I missed my bill",
            "entities": [],
            "traits": [],
            "intent": "late_payment"
        },
        {
            "text": "I still have problems",
            "entities": [],
            "traits": [],
            "intent": "no"
        },
        {
            "text": "I was late paying",
            "entities": [],
            "traits": [],
            "intent": "late_payment"
        },
        {
            "text": "I'm broke",
            "entities": [],
            "traits": [],
            "intent": "unable_to_pay"
        },
        {
            "text": "how can I lower my fees",
            "entities": [],
            "traits": [],
            "intent": "lower_fees"
        },
        {
            "text": "my account is in overdraft",
            "entities": [],
            "traits": [],
            "intent": "overdraft"
        },
        {
            "text": "no",
            "entities": [],
            "traits": [],
            "intent": "no"
        },
        {
            "text": "no it doesn't",
            "entities": [],
            "traits": [],
            "intent": "no"
        },
        {
            "text": "yeah it does",
            "entities": [],
            "traits": [],
            "intent": "yes"
        },
        {
            "text": "yeah thanks",
            "entities": [],
            "traits": [],
            "intent": "yes"
        },
        {
            "text": "yes",
            "entities": [],
            "traits": [],
            "intent": "yes"
        }
    ]
}
